{"cameraMode":{"drawMode":0,"name":"Shaded","section":"Shading Mode"},"sceneLighting":false,"audioPlay":false,"sceneViewState":{"m_AlwaysRefresh":false,"showFog":true,"showSkybox":false,"showFlares":true,"showImageEffects":true,"showParticleSystems":true,"showVisualEffectGraphs":true,"m_FxEnabled":true},"in2DMode":false,"pivot":{"x":-1.8693218231201172,"y":2.9465436935424806,"z":-0.09793667495250702},"rotation":{"x":0.041865937411785129,"y":0.14431726932525636,"z":0.005903450772166252,"w":-0.988714873790741},"size":5.019853591918945,"orthographic":false}