{"cameraMode":{"drawMode":0,"name":"Shaded","section":"Shading Mode"},"sceneLighting":false,"audioPlay":false,"sceneViewState":{"m_AlwaysRefresh":false,"showFog":true,"showSkybox":false,"showFlares":true,"showImageEffects":true,"showParticleSystems":true,"showVisualEffectGraphs":true,"m_FxEnabled":true},"in2DMode":false,"pivot":{"x":-2.8913185596466066,"y":0.8175902366638184,"z":-1.4896905422210694},"rotation":{"x":-0.13254281878471375,"y":0.06329566240310669,"z":-0.008718590252101422,"w":-0.9892011284828186},"size":10.6453275680542,"orthographic":false}