{"cameraMode":{"drawMode":0,"name":"Shaded","section":"Shading Mode"},"sceneLighting":true,"audioPlay":false,"sceneViewState":{"m_AlwaysRefresh":false,"showFog":true,"showSkybox":true,"showFlares":true,"showImageEffects":true,"showParticleSystems":true,"showVisualEffectGraphs":true,"m_FxEnabled":true},"in2DMode":false,"pivot":{"x":0.32527685165405276,"y":2.149951219558716,"z":-9.901205062866211},"rotation":{"x":0.11646152287721634,"y":0.02407238632440567,"z":-0.002110312459990382,"w":0.9931660890579224},"size":2.3542072772979738,"orthographic":false}